{"train_runtime":2277.542,"train_loss":1.8088944346500277,"_wandb":{"runtime":2285},"train_samples_per_second":8.234,"_timestamp":1.7624672243567176e+09,"train/global_step":1173,"train/grad_norm":0.47414925694465637,"peak_vram_gb":11.839078903198242,"_step":27,"eval/runtime":43.1915,"eval/loss":1.7065638303756714,"eval/samples_per_second":20.444,"train/loss":1.7131,"train/learning_rate":1.0230179028132994e-06,"train/epoch":3,"eval/steps_per_second":20.444,"train_steps_per_second":0.515,"total_flos":1.1385012812695142e+17,"_runtime":2285}