{"train/grad_norm":0.5999827980995178,"train/epoch":0.05119180931051032,"_step":1,"_timestamp":1.7624362493416398e+09,"_runtime":55,"train/loss":2.4926,"train/learning_rate":4.9514066496163685e-05,"_wandb":{"runtime":55},"train/global_step":20}