{"eval/steps_per_second":23.246,"_runtime":2174,"train/global_step":1173,"train_steps_per_second":0.541,"train_samples_per_second":8.656,"train/learning_rate":1.7050298380221656e-07,"eval/samples_per_second":23.246,"_timestamp":1.7624384586678681e+09,"train/grad_norm":0.6612192988395691,"train_loss":1.6890355827253494,"eval/runtime":37.9842,"train_runtime":2166.4709,"eval/loss":1.608826756477356,"total_flos":1.139947766573138e+17,"train/epoch":3,"_wandb":{"runtime":2174},"_step":120,"train/loss":1.6065}