{"train/grad_norm":1.890625,"train/learning_rate":1.0230179028132994e-06,"eval/loss":1.3518080711364746,"train_samples_per_second":9.517,"eval/samples_per_second":35.499,"_runtime":1985,"train/global_step":1173,"train/epoch":3,"_step":26,"train_steps_per_second":0.595,"total_flos":1.1379552570158285e+17,"train_loss":0.4633772879305398,"eval/runtime":24.8741,"_timestamp":1.7624623796141365e+09,"eval/steps_per_second":35.499,"_wandb":{"runtime":1985},"train/loss":0.0964,"train_runtime":1970.4719}