{"peak_vram_gb":13.111405372619629,"eval/steps_per_second":10.608,"train/learning_rate":1.3333333333333334e-06,"total_training_time_min":2.285539360841115,"train/grad_norm":16.875,"train_steps_per_second":1.463,"_timestamp":1.7624329617870886e+09,"total_flos":4.7832077697024e+15,"_runtime":155,"eval/loss":0.8893865346908569,"train_samples_per_second":5.85,"train_loss":0.8562219429016114,"_wandb":{"runtime":155},"train/epoch":4,"eval/runtime":0.9427,"train_runtime":136.7459,"_step":13,"train/global_step":200,"train/loss":0.4838,"eval/samples_per_second":42.432}