{"eval/loss":0.6972421407699585,"total_flos":2.3916038848512e+15,"train_steps_per_second":1.494,"_wandb":{"runtime":85},"train/loss":0.5293,"train_loss":0.6371259880065918,"train/grad_norm":6.5625,"train_samples_per_second":5.977,"train/global_step":100,"_runtime":85,"_step":7,"_timestamp":1.7624306093911643e+09,"eval/runtime":0.9413,"eval/steps_per_second":10.624,"peak_vram_gb":13.111405372619629,"train/learning_rate":2.0000000000000003e-06,"eval/samples_per_second":42.495,"total_training_time_min":1.1218055923779806,"train/epoch":2,"train_runtime":66.9222}