{"train/grad_norm":0.5257105231285095,"_runtime":4395,"train/epoch":3,"train_steps_per_second":0.267,"eval/samples_per_second":14.009,"train_samples_per_second":4.276,"eval/loss":1.7492375373840332,"eval/runtime":63.0298,"_step":26,"total_flos":1.1384533844051558e+17,"train_loss":1.859729165209732,"train_runtime":4385.5663,"_wandb":{"runtime":4395},"train/global_step":1173,"eval/steps_per_second":14.009,"_timestamp":1.7624748046303e+09,"train/loss":1.7552,"train/learning_rate":1.0230179028132994e-06}