{"total_flos":3.520877666476032e+15,"train_steps_per_second":0.213,"_step":4,"train/loss":1.6168,"eval/samples_per_second":34.423,"eval/steps_per_second":34.423,"eval/runtime":25.6518,"train_loss":1.4371288006122296,"train_runtime":183.307,"eval/loss":1.6352548599243164,"train/epoch":3,"_timestamp":1.762456982390716e+09,"train/learning_rate":1.923076923076923e-05,"_runtime":198,"train_samples_per_second":3.273,"train/global_step":39,"_wandb":{"runtime":198},"train/grad_norm":2.765625}